freq_hz,ch0,ch1,ch2,ch3,ch4,ch5,ch6,ch7
0.000000,-10.031302,-9.966896,-8.252395,-8.791374,-8.000661,-9.744023,-8.624866,-9.968038
0.488281,-8.878819,-8.869940,-7.570398,-8.126753,-7.218946,-8.818378,-7.889159,-8.806107
0.976562,-9.561147,-9.443384,-8.146837,-8.388210,-7.814843,-9.344880,-8.395512,-9.751308
1.464844,-9.818855,-9.883194,-8.703386,-8.647706,-8.472630,-9.818660,-8.974145,-10.541592
1.953125,-10.050104,-10.104540,-9.030486,-8.880712,-8.815754,-9.994978,-9.491175,-10.718897
2.441406,-10.212631,-10.247415,-9.109315,-9.009996,-9.146693,-10.096237,-10.168085,-10.802137
2.929688,-10.363543,-10.450450,-9.484134,-9.327833,-9.490184,-10.280969,-10.060600,-10.877303
3.417969,-10.426637,-10.514839,-9.995507,-9.776225,-9.893916,-10.421369,-10.208515,-10.773142
3.906250,-10.466460,-10.487919,-10.134770,-9.828754,-9.926127,-10.543215,-10.398107,-10.809156
4.394531,-10.653581,-10.550768,-10.198781,-9.898258,-10.060674,-10.588187,-10.485527,-10.951087
4.882812,-10.804150,-10.669133,-10.405288,-10.076289,-10.222671,-10.624443,-10.642642,-11.122874
5.371094,-10.845065,-10.710687,-10.583852,-10.255265,-10.222931,-10.792614,-10.803226,-11.361280
5.859375,-10.865304,-10.769296,-10.507925,-10.294372,-10.321405,-10.853539,-10.686028,-11.458536
6.347656,-10.995474,-10.882011,-10.412645,-10.277777,-10.308698,-10.882239,-10.703063,-11.670570
6.835938,-11.167245,-11.071083,-10.620386,-10.413154,-10.491809,-11.013256,-10.898864,-11.582254
7.324219,-11.234742,-11.129762,-10.829666,-10.635738,-10.759027,-11.045463,-10.835587,-11.673490
7.812500,-11.202406,-11.118387,-10.984160,-10.713773,-10.791770,-10.988933,-10.784233,-11.765631
8.300781,-11.120037,-11.119563,-11.007569,-10.763948,-10.860723,-11.076289,-10.770371,-11.760165
8.789062,-11.101523,-11.124625,-11.042582,-10.794893,-10.938916,-11.155188,-10.772186,-11.772135
9.277344,-11.130834,-11.116662,-11.041987,-10.796303,-10.991607,-11.219440,-10.877231,-11.707373
9.765625,-11.226203,-11.174311,-11.115566,-10.905897,-11.002771,-11.227024,-11.176924,-11.679061
10.253906,-11.275694,-11.201489,-11.285070,-11.048382,-10.935577,-11.243958,-11.300336,-11.805706
10.742188,-11.345651,-11.301734,-11.317053,-11.026973,-10.941382,-11.350673,-11.256561,-11.814741
11.230469,-11.478268,-11.424781,-11.341669,-11.091307,-11.230162,-11.463265,-11.295155,-11.821578
11.718750,-11.540117,-11.510323,-11.379662,-11.160358,-11.203492,-11.514262,-11.289549,-11.986665
12.207031,-11.591171,-11.575483,-11.566753,-11.393737,-11.205571,-11.582851,-11.341521,-12.001713
12.695312,-11.603283,-11.561137,-11.557884,-11.449488,-11.350165,-11.566408,-11.477610,-11.999850
13.183594,-11.603465,-11.529930,-11.504401,-11.418708,-11.440531,-11.569601,-11.359361,-12.043876
13.671875,-11.601500,-11.548736,-11.496369,-11.360772,-11.511326,-11.525213,-11.456919,-12.103147
14.160156,-11.630311,-11.603732,-11.527282,-11.416545,-11.533871,-11.531294,-11.402089,-12.127370
14.648438,-11.686713,-11.638142,-11.567431,-11.461188,-11.529785,-11.616702,-11.228692,-12.098035
15.136719,-11.671997,-11.609813,-11.569320,-11.398964,-11.488009,-11.625965,-11.358224,-12.100916
15.625000,-11.692457,-11.639063,-11.634188,-11.447996,-11.536175,-11.629044,-11.585484,-12.135149
16.113281,-11.782286,-11.708450,-11.646400,-11.537924,-11.545809,-11.615543,-11.515850,-12.147287
16.601562,-11.868217,-11.794102,-11.709321,-11.657893,-11.597378,-11.695352,-11.544436,-12.093000
17.089844,-11.815656,-11.748581,-11.710848,-11.643271,-11.625090,-11.674278,-11.650377,-12.106505
17.578125,-11.810662,-11.744113,-11.708199,-11.680085,-11.668099,-11.668963,-11.667413,-12.154141
18.066406,-11.819867,-11.771954,-11.707318,-11.720716,-11.665395,-11.739748,-11.684184,-12.149203
18.554688,-11.838534,-11.778769,-11.712091,-11.695995,-11.602267,-11.737946,-11.693018,-12.152043
19.042969,-11.853794,-11.789288,-11.762462,-11.752286,-11.685927,-11.711155,-11.737245,-12.128042
19.531250,-11.878656,-11.805984,-11.790464,-11.765741,-11.747576,-11.732077,-11.701278,-12.177486
20.019531,-11.903057,-11.825379,-11.814831,-11.790594,-11.702776,-11.798143,-11.743741,-12.261431
20.507812,-11.943369,-11.875761,-11.860538,-11.844797,-11.729504,-11.883664,-11.778905,-12.293413
20.996094,-11.941072,-11.897863,-11.861914,-11.858199,-11.793201,-11.874036,-11.759769,-12.255610
21.484375,-11.921375,-11.891446,-11.847149,-11.858144,-11.843945,-11.863367,-11.793522,-12.209502
21.972656,-11.949985,-11.911952,-11.868495,-11.859393,-11.824641,-11.888204,-11.731858,-12.259056
22.460938,-11.976114,-11.912697,-11.861575,-11.852035,-11.807821,-11.877250,-11.761955,-12.270120
22.949219,-12.005487,-11.930908,-11.873065,-11.859277,-11.836197,-11.876027,-11.823049,-12.341290
23.437500,-11.966065,-11.895691,-11.842412,-11.847001,-11.823768,-11.831613,-11.742455,-12.372494
23.925781,-11.986682,-11.918740,-11.851726,-11.859924,-11.858201,-11.879026,-11.754839,-12.381236
24.414062,-11.946504,-11.863975,-11.812430,-11.806284,-11.793043,-11.836899,-11.753654,-12.290627
24.902344,-11.865252,-11.772784,-11.744958,-11.742825,-11.719211,-11.738892,-11.608598,-12.172080
25.390625,-12.005286,-11.913967,-11.875140,-11.862114,-11.856586,-11.876695,-11.772408,-12.439462
25.878906,-12.036072,-11.944609,-11.886180,-11.886076,-11.859535,-11.909994,-11.852993,-12.576996
26.367188,-12.102240,-12.014049,-11.970054,-11.980036,-11.927558,-11.989024,-11.870927,-12.511332
26.855469,-12.085578,-12.013706,-11.973378,-11.986580,-11.945100,-11.988594,-11.845677,-12.511450
27.343750,-12.094573,-12.024658,-11.981962,-11.990839,-11.958077,-12.004143,-11.925249,-12.527640
27.832031,-12.122113,-12.035076,-11.998379,-11.987678,-11.970405,-12.012179,-11.945557,-12.560838
28.320312,-12.110659,-12.025272,-11.986304,-11.983238,-11.963089,-12.003814,-11.911455,-12.582429
28.808594,-12.081054,-12.004665,-11.974083,-11.986670,-11.949795,-11.987792,-11.941296,-12.578453
29.296875,-12.081737,-12.011482,-11.982016,-12.001771,-11.950288,-11.981134,-11.933824,-12.529242
29.785156,-12.139202,-12.059562,-12.023151,-12.041475,-11.973925,-12.027634,-11.977164,-12.600779
30.273438,-12.146732,-12.059002,-12.017090,-12.040874,-11.970733,-12.039459,-11.996778,-12.640729
30.761719,-12.136815,-12.046895,-12.007787,-12.036518,-12.000120,-12.029224,-11.988258,-12.576449
31.250000,-12.167941,-12.080776,-12.044348,-12.058550,-12.022344,-12.051018,-12.007943,-12.571621
31.738281,-12.179955,-12.099452,-12.068640,-12.074125,-12.008019,-12.086245,-12.035327,-12.619009
32.226562,-12.185187,-12.105925,-12.068648,-12.065102,-12.015080,-12.089568,-11.988386,-12.599768
32.714844,-12.179297,-12.111717,-12.078713,-12.065924,-12.043186,-12.080978,-12.021684,-12.571533
33.203125,-12.190410,-12.106006,-12.076982,-12.074754,-12.038046,-12.066636,-12.017035,-12.592644
33.691406,-12.210258,-12.129656,-12.094868,-12.088429,-12.028899,-12.086298,-12.050557,-12.604651
34.179688,-12.211073,-12.135729,-12.101209,-12.095307,-12.016553,-12.093580,-12.066746,-12.586091
34.667969,-12.204435,-12.126007,-12.098417,-12.080066,-12.027613,-12.078176,-12.074890,-12.605932
35.156250,-12.236375,-12.152083,-12.103985,-12.097447,-12.081432,-12.112652,-12.103530,-12.636059
35.644531,-12.202407,-12.122001,-12.073442,-12.063755,-12.052628,-12.097601,-12.050296,-12.592169
36.132812,-12.201488,-12.133228,-12.094502,-12.069717,-12.053149,-12.096151,-12.078712,-12.582986
36.621094,-12.204870,-12.133484,-12.100887,-12.073074,-12.045786,-12.088744,-12.075129,-12.600132
37.109375,-12.224891,-12.140337,-12.118420,-12.113089,-12.089162,-12.102149,-12.073681,-12.650341
37.597656,-12.216173,-12.145751,-12.120042,-12.130729,-12.101218,-12.129669,-12.099050,-12.654346
38.085938,-12.211003,-12.159360,-12.117488,-12.140615,-12.102893,-12.133024,-12.108464,-12.629773
38.574219,-12.211942,-12.155826,-12.116379,-12.142491,-12.095851,-12.121674,-12.105210,-12.595780
39.062500,-12.220570,-12.147031,-12.134540,-12.148360,-12.103745,-12.105441,-12.093402,-12.584554
39.550781,-12.200802,-12.129241,-12.119611,-12.136832,-12.117228,-12.108352,-12.091857,-12.556441
40.039062,-12.226028,-12.166791,-12.128290,-12.167095,-12.148069,-12.151777,-12.117058,-12.596768
40.527344,-12.293878,-12.215830,-12.165045,-12.200799,-12.171539,-12.187386,-12.158772,-12.665343
41.015625,-12.297185,-12.218551,-12.191007,-12.207386,-12.164137,-12.193157,-12.138267,-12.640551
41.503906,-12.255256,-12.178904,-12.160600,-12.188789,-12.143736,-12.170637,-12.063506,-12.609705
41.992188,-12.297212,-12.217972,-12.204840,-12.228223,-12.185041,-12.210029,-12.140068,-12.667530
42.480469,-12.349185,-12.270448,-12.256012,-12.255152,-12.226775,-12.248463,-12.242339,-12.721387
42.968750,-12.353956,-12.282144,-12.253461,-12.248661,-12.234489,-12.250604,-12.237259,-12.732205
43.457031,-12.302467,-12.231811,-12.195436,-12.205732,-12.188624,-12.214774,-12.187749,-12.666011
43.945312,-12.268609,-12.216118,-12.181690,-12.210242,-12.176392,-12.190750,-12.162849,-12.646011
44.433594,-12.299283,-12.238185,-12.215211,-12.240038,-12.210828,-12.203562,-12.147414,-12.654833
44.921875,-12.308027,-12.242464,-12.217926,-12.247712,-12.214091,-12.222453,-12.165031,-12.638942
45.410156,-12.285621,-12.221155,-12.201781,-12.213951,-12.177380,-12.214205,-12.179916,-12.629763
45.898438,-12.319769,-12.242641,-12.220011,-12.236139,-12.200351,-12.232963,-12.205616,-12.691553
46.386719,-12.270381,-12.204582,-12.183296,-12.237252,-12.169438,-12.185618,-12.140961,-12.642245
46.875000,-12.228447,-12.168636,-12.154784,-12.193601,-12.125335,-12.153920,-12.108309,-12.578117
47.363281,-12.285180,-12.223572,-12.208747,-12.230582,-12.159522,-12.221089,-12.160121,-12.635308
47.851562,-12.372278,-12.319675,-12.288779,-12.292972,-12.258187,-12.310145,-12.256607,-12.743571
48.339844,-12.351630,-12.290825,-12.257103,-12.286581,-12.234577,-12.259547,-12.229548,-12.680657
48.828125,-12.319023,-12.256211,-12.231522,-12.274865,-12.179856,-12.215207,-12.152068,-12.616009
49.316406,-12.216702,-12.168936,-12.129218,-12.187891,-12.092461,-12.139030,-12.063367,-12.535902
49.804688,-12.154518,-12.099283,-12.055886,-12.101750,-12.045920,-12.082035,-12.032500,-12.489093
